"Nama_Startup","Kategori_Layanan","Pendapatan_Tahunan_Miliar_IDR","Biaya_Akuisisi_Pelanggan_Juta_IDR","Nilai_Pelanggan_Juta_IDR","Tingkat_Churn_Persen"
"Startup_1","Keuangan",185,581,2006,10.22
"Startup_2","Proyek",289,341,1211,14.31
"Startup_3","SDM",362,48,1582,13.8
"Startup_4","Pemasaran",1033,502,1301,11.8
"Startup_5","CRM",259,846,NA,14.49
"Startup_6","Proyek",184,437,1008,15.01
"Startup_7","Keuangan",108,921,2011,15.69
"Startup_8","SDM",329,301,1048,14.06
"Startup_9","Pemasaran",2934,1193,4095,8.9
"Startup_10","CRM",525,47,1201,13.13
"Startup_11","Proyek",156,38,1384,15.25
"Startup_12","Keuangan",1201,621,251,11.45
"Startup_13","SDM",122,743,152,15.56
"Startup_14","Pemasaran",433,388,1011,13.55
"Startup_15","CRM",899,61,259,12.09
"Startup_16","Proyek",1543,951,NA,10.87
"Startup_17","Keuangan",621,498,1522,12.78
"Startup_18","SDM",101,256,601,15.76
"Startup_19","Pemasaran",743,433,1892,12.45
"Startup_20","CRM",1192,689,2014,11.49
"Startup_21","Proyek",233,311,743,14.7
"Startup_22","Keuangan",3498,125,4532,8.45
"Startup_23","SDM",199,532,1288,NA
"Startup_24","Pemasaran",111,621,1343,15.65
"Startup_25","CRM",487,455,1593,13.32
"Startup_26","Proyek",688,521,1832,12.59
"Startup_27","Keuangan",245,389,1099,14.61
"Startup_28","SDM",1432,789,3043,11.01
"Startup_29","Pemasaran",154,454,1021,15.26
"Startup_30","CRM",218,321,899,14.79
"Startup_31","Proyek",1987,912,3321,10.01
"Startup_32","Keuangan",333,411,1232,14.02
"Startup_33","SDM",587,532,1843,12.91
"Startup_34","Pemasaran",102,289,754,15.75
"Startup_35","CRM",187,343,987,15
"Startup_36","Proyek",2243,1021,4012,9.54
"Startup_37","Keuangan",456,487,1532,13.45
"Startup_38","SDM",276,398,1143,14.4
"Startup_39","Pemasaran",123,321,854,15.55
"Startup_40","CRM",789,576,2032,12.29
"Startup_41","Proyek",145,343,921,15.35
"Startup_42","Keuangan",1643,899,3512,10.65
"Startup_43","SDM",387,454,1487,13.76
"Startup_44","Pemasaran",198,365,1011,14.95
"Startup_45","CRM",299,412,1187,14.23
"Startup_46","Proyek",112,321,843,15.64
"Startup_47","Keuangan",10,287,789,15.78
"Startup_48","SDM",2543,1121,5012,9.21
"Startup_49","Pemasaran",345,432,1343,13.98
"Startup_50","CRM",187,354,1012,15
"Startup_51","Proyek",432,476,1543,13.56
"Startup_52","Keuangan",121,321,854,15.57
"Startup_53","SDM",188,354,1012,14.99
"Startup_54","Pemasaran",199,365,1011,14.94
"Startup_55","CRM",212,376,1043,14.85
"Startup_56","Proyek",143,343,921,15.36
"Startup_57","Keuangan",156,354,954,15.24
"Startup_58","SDM",176,365,1011,15.09
"Startup_59","Pemasaran",187,376,1043,14.98
"Startup_60","CRM",198,387,1076,14.87
"Startup_61","Proyek",209,398,1109,14.76
"Startup_62","Keuangan",221,409,1142,14.65
"Startup_63","SDM",232,42,1175,14.54
"Startup_64","Pemasaran",243,431,1208,14.43
"Startup_65","CRM",254,442,1241,14.32
"Startup_66","Proyek",265,453,1274,14.21
"Startup_67","Keuangan",276,464,1307,14.1
"Startup_68","SDM",287,475,134,13.99
"Startup_69","Pemasaran",298,486,1373,13.88
"Startup_70","CRM",309,497,1406,13.77
"Startup_71","Proyek",32,508,1439,13.66
"Startup_72","Keuangan",331,519,1472,13.55
"Startup_73","SDM",342,53,1505,13.44
"Startup_74","Pemasaran",353,541,1538,13.33
"Startup_75","CRM",364,552,1571,13.22
"Startup_76","Proyek",375,563,1604,13.11
"Startup_77","Keuangan",386,574,1637,13
"Startup_78","SDM",397,585,167,12.89
"Startup_79","Pemasaran",408,596,1703,12.78
"Startup_80","CRM",419,607,1736,12.67
"Startup_81","Proyek",43,618,1769,12.56
"Startup_82","Keuangan",441,629,1802,12.45
"Startup_83","SDM",452,64,1835,12.34
"Startup_84","Pemasaran",463,651,1868,12.23
"Startup_85","CRM",474,662,1901,12.12
"Startup_86","Proyek",485,673,1934,12.01
"Startup_87","Keuangan",496,684,1967,11.9
"Startup_88","SDM",507,695,200,11.79
"Startup_89","Pemasaran",518,706,2033,11.68
"Startup_90","CRM",529,717,2066,11.57
"Startup_91","Proyek",54,728,2099,11.46
"Startup_92","Keuangan",551,739,2132,11.35
"Startup_93","SDM",562,75,2165,11.24
"Startup_94","Pemasaran",573,761,2198,11.13
"Startup_95","CRM",584,772,2231,11.02
"Startup_96","Proyek",595,783,2264,10.91
"Startup_97","Keuangan",606,794,2297,10.8
"Startup_98","SDM",617,805,233,10.69
"Startup_99","Pemasaran",628,816,2363,10.58
"Startup_100","CRM",639,827,2396,10.47
"Startup_101","Proyek",65,838,2429,10.36
"Startup_102","Keuangan",661,849,2462,10.25
"Startup_103","SDM",672,86,2495,10.14
"Startup_104","Pemasaran",683,871,2528,10.03
"Startup_105","CRM",694,882,2561,9.92
"Startup_106","Proyek",705,893,2594,9.81
"Startup_107","Keuangan",716,904,2627,9.7
"Startup_108","SDM",727,915,266,9.59
"Startup_109","Pemasaran",738,926,2693,9.48
"Startup_110","CRM",749,937,2726,9.37
"Startup_111","Proyek",76,948,2759,9.26
"Startup_112","Keuangan",771,959,2792,9.15
"Startup_113","SDM",782,97,2825,9.04
"Startup_114","Pemasaran",793,981,2858,8.93
"Startup_115","CRM",804,992,2891,8.82
"Startup_116","Proyek",815,1003,2924,8.71
"Startup_117","Keuangan",826,1014,2957,8.6
"Startup_118","SDM",837,1025,299,8.49
"Startup_119","Pemasaran",848,1036,3023,8.38
"Startup_120","CRM",859,1047,3056,8.27
"Startup_121","Proyek",87,1058,3089,8.16
"Startup_122","Keuangan",881,1069,3122,8.05
"Startup_123","SDM",892,108,3155,7.94
"Startup_124","Pemasaran",903,1091,3188,7.83
"Startup_125","CRM",914,1102,3221,7.72
"Startup_126","Proyek",925,1113,3254,7.61
"Startup_127","Keuangan",936,1124,3287,7.5
"Startup_128","SDM",947,1135,332,7.39
"Startup_129","Pemasaran",958,1146,3353,7.28
"Startup_130","CRM",969,1157,3386,7.17
"Startup_131","Proyek",98,1168,3419,7.06
"Startup_132","Keuangan",991,1179,3452,6.95
"Startup_133","SDM",1002,119,3485,6.84
"Startup_134","Pemasaran",1013,1201,3518,6.73
"Startup_135","CRM",1024,1212,3551,6.62
"Startup_136","Proyek",1035,1223,3584,6.51
"Startup_137","Keuangan",1046,1234,3617,6.4
"Startup_138","SDM",1057,1245,365,6.29
"Startup_139","Pemasaran",1068,1256,3683,6.18
"Startup_140","CRM",1079,1267,3716,6.07
"Startup_141","Proyek",109,1278,3749,5.96
"Startup_142","Keuangan",1101,1289,3782,5.85
"Startup_143","SDM",1112,130,3815,5.74
"Startup_144","Pemasaran",1123,1311,3848,5.63
"Startup_145","CRM",1134,1322,3881,5.52
"Startup_146","Proyek",1145,1333,3914,5.41
"Startup_147","Keuangan",1156,1344,3947,5.3
"Startup_148","SDM",1167,1355,398,5.19
"Startup_149","Pemasaran",1178,1366,4013,5.08
"Startup_150","CRM",1189,1377,4046,4.97
"Startup_151","Proyek",120,1388,4079,4.86
"Startup_152","Keuangan",1211,1399,4112,4.75
"Startup_153","SDM",1222,141,4145,4.64
"Startup_154","Pemasaran",1233,1421,4178,4.53
"Startup_155","CRM",1244,1432,4211,4.42
"Startup_156","Proyek",1255,1443,4244,4.31
"Startup_157","Keuangan",1266,1454,4277,4.2
"Startup_158","SDM",1277,1465,431,4.09
"Startup_159","Pemasaran",1288,1476,4343,3.98
"Startup_160","CRM",1299,1487,4376,3.87
"Startup_161","Proyek",131,1498,4409,3.76
"Startup_162","Keuangan",1321,1509,4442,3.65
"Startup_163","SDM",1332,152,4475,3.54
"Startup_164","Pemasaran",1343,1531,4508,3.43
"Startup_165","CRM",1354,1542,4541,3.32
"Startup_166","Proyek",1365,1553,4574,3.21
"Startup_167","Keuangan",1376,1564,4607,3.1
"Startup_168","SDM",1387,1575,464,2.99
"Startup_169","Pemasaran",1398,1586,4673,2.88
"Startup_170","CRM",1409,1597,4706,2.77
"Startup_171","Proyek",142,1608,4739,2.66
"Startup_172","Keuangan",1431,1619,4772,2.55
"Startup_173","SDM",1442,163,4805,2.44
"Startup_174","Pemasaran",1453,1641,4838,2.33
"Startup_175","CRM",1464,1652,4871,2.22
"Startup_176","Proyek",1475,1663,4904,2.11
"Startup_177","Keuangan",1486,1674,4937,2
"Startup_178","SDM",1497,1685,497,1.89
"Startup_179","Pemasaran",1508,1696,5003,1.78
"Startup_180","CRM",1519,1707,5036,1.67
"Startup_181","Proyek",153,1718,5069,1.56
"Startup_182","Keuangan",1541,1729,5102,1.45
"Startup_183","SDM",1552,174,5135,1.34
"Startup_184","Pemasaran",1563,1751,5168,1.23
"Startup_185","CRM",1574,1762,5201,1.12
"Startup_186","Proyek",1585,1773,5234,1.01
"Startup_187","Keuangan",1596,1784,5267,0.9
"Startup_188","SDM",1607,1795,530,0.79
"Startup_189","Pemasaran",1618,1806,5333,0.68
"Startup_190","CRM",1629,1817,5366,0.57
"Startup_191","Proyek",164,1828,5399,0.46
"Startup_192","Keuangan",1651,1839,5432,0.35
"Startup_193","SDM",1662,185,5465,0.24
"Startup_194","Pemasaran",1673,1861,5498,0.13
"Startup_195","CRM",1684,1872,5531,0.02
"Startup_196","Proyek",1695,1883,5564,-0.09
"Startup_197","Keuangan",1706,1894,5597,-0.2
"Startup_198","SDM",1717,1905,563,-0.31
"Startup_199","Pemasaran",1728,1916,5663,-0.42
"Startup_200","CRM",1739,1927,5696,-0.53
"Startup_201","Proyek",175,1938,5729,-0.64
"Startup_202","Keuangan",1761,1949,5762,-0.75
"Startup_203","SDM",1772,196,5795,-0.86
"Startup_204","Pemasaran",1783,1971,5828,-0.97
"Startup_205","CRM",1794,1982,5861,-1.08
"Startup_206","Proyek",1805,1993,5894,-1.19
"Startup_207","Keuangan",1816,2004,5927,-1.3
"Startup_208","SDM",1827,2015,596,-1.41
"Startup_209","Pemasaran",1838,2026,5993,-1.52
"Startup_210","CRM",1849,2037,6026,-1.63
"Startup_211","Proyek",186,2048,6059,-1.74
"Startup_212","Keuangan",1871,2059,6092,-1.85
"Startup_213","SDM",1882,207,6125,-1.96
"Startup_214","Pemasaran",1893,2081,6158,-2.07
"Startup_215","CRM",1904,2092,6191,-2.18
"Startup_216","Proyek",1915,2103,6224,-2.29
"Startup_217","Keuangan",1926,2114,6257,-2.4
"Startup_218","SDM",1937,2125,629,-2.51
"Startup_219","Pemasaran",1948,2136,6323,-2.62
"Startup_220","CRM",1959,2147,6356,-2.73
"Startup_221","Proyek",197,2158,6389,-2.84
"Startup_222","Keuangan",1981,2169,6422,-2.95
"Startup_223","SDM",1992,218,6455,-3.06
"Startup_224","Pemasaran",2003,2191,6488,-3.17
"Startup_225","CRM",2014,2202,6521,-3.28
"Startup_226","Proyek",2025,2213,6554,-3.39
"Startup_227","Keuangan",2036,2224,6587,-3.5
"Startup_228","SDM",2047,2235,662,-3.61
"Startup_229","Pemasaran",2058,2246,6653,-3.72
"Startup_230","CRM",2069,2257,6686,-3.83
"Startup_231","Proyek",208,2268,6719,-3.94
"Startup_232","Keuangan",2091,2279,6752,-4.05
"Startup_233","SDM",2102,229,6785,-4.16
"Startup_234","Pemasaran",2113,2301,6818,-4.27
"Startup_235","CRM",2124,2312,6851,-4.38
"Startup_236","Proyek",2135,2323,6884,-4.49
"Startup_237","Keuangan",2146,2334,6917,-4.6
"Startup_238","SDM",2157,2345,695,-4.71
"Startup_239","Pemasaran",2168,2356,6983,-4.82
"Startup_240","CRM",2179,2367,7016,-4.93
"Startup_241","Proyek",219,2378,7049,-5.04
"Startup_242","Keuangan",2201,2389,7082,-5.15
"Startup_243","SDM",2212,240,7115,-5.26
"Startup_244","Pemasaran",2223,2411,7148,-5.37
"Startup_245","CRM",2234,2422,7181,-5.48
"Startup_246","Proyek",2245,2433,7214,-5.59
"Startup_247","Keuangan",2256,2444,7247,-5.7
"Startup_248","SDM",2267,2455,728,-5.81
"Startup_249","Pemasaran",2278,2466,7313,-5.92
"Startup_250","CRM",2289,2477,7346,-6.03
"Startup_251","Proyek",230,2488,7379,-6.14
"Startup_252","Keuangan",2311,2499,7412,-6.25
"Startup_253","SDM",2322,251,7445,-6.36
"Startup_254","Pemasaran",2333,2521,7478,-6.47
"Startup_255","CRM",2344,2532,7511,-6.58
"Startup_256","Proyek",2355,2543,7544,-6.69
"Startup_257","Keuangan",2366,2554,7577,-6.8
"Startup_258","SDM",2377,2565,761,-6.91
"Startup_259","Pemasaran",2388,2576,7643,-7.02
"Startup_260","CRM",2399,2587,7676,-7.13
"Startup_261","Proyek",241,2598,7709,-7.24
"Startup_262","Keuangan",2421,2609,7742,-7.35
"Startup_263","SDM",2432,262,7775,-7.46
"Startup_264","Pemasaran",2443,2631,7808,-7.57
"Startup_265","CRM",2454,2642,7841,-7.68
"Startup_266","Proyek",2465,2653,7874,-7.79
"Startup_267","Keuangan",2476,2664,7907,-7.9
"Startup_268","SDM",2487,2675,794,-8.01
"Startup_269","Pemasaran",2498,2686,7973,-8.12
"Startup_270","CRM",2509,2697,8006,-8.23
"Startup_271","Proyek",252,2708,8039,-8.34
"Startup_272","Keuangan",2531,2719,8072,-8.45
"Startup_273","SDM",2542,273,8105,-8.56
"Startup_274","Pemasaran",2553,2741,8138,-8.67
"Startup_275","CRM",2564,2752,8171,-8.78
"Startup_276","Proyek",2575,2763,8204,-8.89
"Startup_277","Keuangan",2586,2774,8237,-9
"Startup_278","SDM",2597,2785,827,-9.11
"Startup_279","Pemasaran",2608,2796,8303,-9.22
"Startup_280","CRM",2619,2807,8336,-9.33
"Startup_281","Proyek",263,2818,8369,-9.44
"Startup_282","Keuangan",2641,2829,8402,-9.55
"Startup_283","SDM",2652,284,8435,-9.66
"Startup_284","Pemasaran",2663,2851,8468,-9.77
"Startup_285","CRM",2674,2862,8501,-9.88
"Startup_286","Proyek",2685,2873,8534,-9.99
"Startup_287","Keuangan",2696,2884,8567,-10.1
"Startup_288","SDM",2707,2895,860,-10.21
"Startup_289","Pemasaran",2718,2906,8633,-10.32
"Startup_290","CRM",2729,2917,8666,-10.43
"Startup_291","Proyek",274,2928,8699,-10.54
"Startup_292","Keuangan",2751,2939,8732,-10.65
"Startup_293","SDM",2762,295,8765,-10.76
"Startup_294","Pemasaran",2773,2961,8798,-10.87
"Startup_295","CRM",2784,2972,8831,-10.98
"Startup_296","Proyek",2795,2983,8864,-11.09
"Startup_297","Keuangan",2806,2994,8897,-11.2
"Startup_298","SDM",2817,3005,893,-11.31
"Startup_299","Pemasaran",2828,3016,8963,-11.42
"Startup_300","CRM",2839,3027,8996,-11.53
"Startup_301","Proyek",285,3038,9029,-11.64
"Startup_302","Keuangan",2861,3049,9062,-11.75
"Startup_303","SDM",2872,306,9095,-11.86
"Startup_304","Pemasaran",2883,3071,9128,-11.97
"Startup_305","CRM",2894,3082,9161,-12.08
"Startup_306","Proyek",2905,3093,9194,-12.19
"Startup_307","Keuangan",2916,3104,9227,-12.3
"Startup_308","SDM",2927,3115,926,-12.41
"Startup_309","Pemasaran",2938,3126,9293,-12.52
"Startup_310","CRM",2949,3137,9326,-12.63
"Startup_311","Proyek",296,3148,9359,-12.74
"Startup_312","Keuangan",2971,3159,9392,-12.85
"Startup_313","SDM",2982,317,9425,-12.96
"Startup_314","Pemasaran",2993,3181,9458,-13.07
"Startup_315","CRM",3004,3192,9491,-13.18
"Startup_316","Proyek",3015,3203,9524,-13.29
"Startup_317","Keuangan",3026,3214,9557,-13.4
"Startup_318","SDM",3037,3225,959,-13.51
"Startup_319","Pemasaran",3048,3236,9623,-13.62
"Startup_320","CRM",3059,3247,9656,-13.73
"Startup_321","Proyek",307,3258,9689,-13.84
"Startup_322","Keuangan",3081,3269,9722,-13.95
"Startup_323","SDM",3092,328,9755,-14.06
"Startup_324","Pemasaran",3103,3291,9788,-14.17
"Startup_325","CRM",3114,3302,9821,-14.28
"Startup_326","Proyek",3125,3313,9854,-14.39
"Startup_327","Keuangan",3136,3324,9887,-14.5
"Startup_328","SDM",3147,3335,992,-14.61
"Startup_329","Pemasaran",3158,3346,9953,-14.72
"Startup_330","CRM",3169,3357,9986,-14.83
"Startup_331","Proyek",318,3368,10019,-14.94
"Startup_332","Keuangan",3191,3379,10052,-15.05
"Startup_333","SDM",3202,339,10085,-15.16
"Startup_334","Pemasaran",3213,3401,10118,-15.27
"Startup_335","CRM",3224,3412,10151,-15.38
"Startup_336","Proyek",3235,3423,10184,-15.49
"Startup_337","Keuangan",3246,3434,10217,-15.6
"Startup_338","SDM",3257,3445,1025,-15.71
"Startup_339","Pemasaran",3268,3456,10283,-15.82
"Startup_340","CRM",3279,3467,10316,-15.93
"Startup_341","Proyek",329,3478,10349,-16.04
"Startup_342","Keuangan",3301,3489,10382,-16.15
"Startup_343","SDM",3312,350,10415,-16.26
"Startup_344","Pemasaran",3323,3511,10448,-16.37
"Startup_345","CRM",3334,3522,10481,-16.48
"Startup_346","Proyek",3345,3533,10514,-16.59
"Startup_347","Keuangan",3356,3544,10547,-16.7
"Startup_348","SDM",3367,3555,1058,-16.81
"Startup_349","Pemasaran",3378,3566,10613,-16.92
"Startup_350","CRM",3389,3577,10646,-17.03
"Startup_351","Proyek",340,3588,10679,-17.14
"Startup_352","Keuangan",3411,3599,10712,-17.25
"Startup_353","SDM",3422,361,10745,-17.36
"Startup_354","Pemasaran",3433,3621,10778,-17.47
"Startup_355","CRM",3444,3632,10811,-17.58
"Startup_356","Proyek",3455,3643,10844,-17.69
"Startup_357","Keuangan",3466,3654,10877,-17.8
"Startup_358","SDM",3477,3665,1091,-17.91
"Startup_359","Pemasaran",3488,3676,10943,-18.02
"Startup_360","CRM",3499,3687,10976,-18.13
"Startup_361","Proyek",351,3698,11009,-18.24
"Startup_362","Keuangan",3521,3709,11042,-18.35
"Startup_363","SDM",3532,372,11075,-18.46
"Startup_364","Pemasaran",3543,3731,11108,-18.57
"Startup_365","CRM",3554,3742,11141,-18.68
"Startup_366","Proyek",3565,3753,11174,-18.79
"Startup_367","Keuangan",3576,3764,11207,-18.9
"Startup_368","SDM",3587,3775,1124,-19.01
"Startup_369","Pemasaran",3598,3786,11273,-19.12
"Startup_370","CRM",3609,3797,11306,-19.23
"Startup_371","Proyek",362,3808,11339,-19.34
"Startup_372","Keuangan",3631,3819,11372,-19.45
"Startup_373","SDM",3642,383,11405,-19.56
"Startup_374","Pemasaran",3653,3841,11438,-19.67
"Startup_375","CRM",3664,3852,11471,-19.78
"Startup_376","Proyek",3675,3863,11504,-19.89
"Startup_377","Keuangan",3686,3874,11537,-20
"Startup_378","SDM",3697,3885,1157,-20.11
"Startup_379","Pemasaran",3708,3896,11603,-20.22
"Startup_380","CRM",3719,3907,11636,-20.33
"Startup_381","Proyek",373,3918,11669,-20.44
"Startup_382","Keuangan",3741,3929,11702,-20.55
"Startup_383","SDM",3752,394,11735,-20.66
"Startup_384","Pemasaran",3763,3951,11768,-20.77
"Startup_385","CRM",3774,3962,11801,-20.88
"Startup_386","Proyek",3785,3973,11834,-20.99
"Startup_387","Keuangan",3796,3984,11867,-21.1
"Startup_388","SDM",3807,3995,1190,-21.21
"Startup_389","Pemasaran",3818,4006,11933,-21.32
"Startup_390","CRM",3829,4017,11966,-21.43
"Startup_391","Proyek",384,4028,11999,-21.54
"Startup_392","Keuangan",3851,4039,12032,-21.65
"Startup_393","SDM",3862,405,12065,-21.76
"Startup_394","Pemasaran",3873,4061,12098,-21.87
"Startup_395","CRM",3884,4072,12131,-21.98
"Startup_396","Proyek",3895,4083,12164,-22.09
"Startup_397","Keuangan",3906,4094,12197,-22.2
"Startup_398","SDM",3917,4105,1223,-22.31
"Startup_399","Pemasaran",3928,4116,12263,-22.42
"Startup_400","CRM",3939,4127,12296,-22.53
"Startup_401","Proyek",395,4138,12329,-22.64
"Startup_402","Keuangan",3961,4149,12362,-22.75
"Startup_403","SDM",3972,416,12395,-22.86
"Startup_404","Pemasaran",3983,4171,12428,-22.97
"Startup_405","CRM",3994,4182,12461,-23.08
"Startup_406","Proyek",4005,4193,12494,-23.19
"Startup_407","Keuangan",4016,4204,12527,-23.3
"Startup_408","SDM",4027,4215,1256,-23.41
"Startup_409","Pemasaran",4038,4226,12593,-23.52
"Startup_410","CRM",4049,4237,12626,-23.63
"Startup_411","Proyek",406,4248,12659,-23.74
"Startup_412","Keuangan",4071,4259,12692,-23.85
"Startup_413","SDM",4082,427,12725,-23.96
"Startup_414","Pemasaran",4093,4281,12758,-24.07
"Startup_415","CRM",4104,4292,12791,-24.18
"Startup_416","Proyek",4115,4303,12824,-24.29
"Startup_417","Keuangan",4126,4314,12857,-24.4
"Startup_418","SDM",4137,4325,1289,-24.51
"Startup_419","Pemasaran",4148,4336,12923,-24.62
"Startup_420","CRM",4159,4347,12956,-24.73
"Startup_421","Proyek",417,4358,12989,-24.84
"Startup_422","Keuangan",4181,4369,13022,-24.95
"Startup_423","SDM",4192,438,13055,-25.06
"Startup_424","Pemasaran",4203,4391,13088,-25.17
"Startup_425","CRM",4214,4402,13121,-25.28
"Startup_426","Proyek",4225,4413,13154,-25.39
"Startup_427","Keuangan",4236,4424,13187,-25.5
"Startup_428","SDM",4247,4435,1322,-25.61
"Startup_429","Pemasaran",4258,4446,13253,-25.72
"Startup_430","CRM",4269,4457,13286,-25.83
"Startup_431","Proyek",428,4468,13319,-25.94
"Startup_432","Keuangan",4291,4479,13352,-26.05
"Startup_433","SDM",4302,449,13385,-26.16
"Startup_434","Pemasaran",4313,4501,13418,-26.27
"Startup_435","CRM",4324,4512,13451,-26.38
"Startup_436","Proyek",4335,4523,13484,-26.49
"Startup_437","Keuangan",4346,4534,13517,-26.6
"Startup_438","SDM",4357,4545,1355,-26.71
"Startup_439","Pemasaran",4368,4556,13583,-26.82
"Startup_440","CRM",4379,4567,13616,-26.93
"Startup_441","Proyek",439,4578,13649,-27.04
"Startup_442","Keuangan",4401,4589,13682,-27.15
"Startup_443","SDM",4412,460,13715,-27.26
"Startup_444","Pemasaran",4423,4611,13748,-27.37
"Startup_445","CRM",4434,4622,13781,-27.48
"Startup_446","Proyek",4445,4633,13814,-27.59
"Startup_447","Keuangan",4456,4644,13847,-27.7
"Startup_448","SDM",4467,4655,1388,-27.81
"Startup_449","Pemasaran",4478,4666,13913,-27.92
"Startup_450","CRM",4489,4677,13946,-28.03
"Startup_451","Proyek",450,4688,13979,-28.14
"Startup_452","Keuangan",4511,4699,14012,-28.25
"Startup_453","SDM",4522,471,14045,-28.36
"Startup_454","Pemasaran",4533,4721,14078,-28.47
"Startup_455","CRM",4544,4732,14111,-28.58
"Startup_456","Proyek",4555,4743,14144,-28.69
"Startup_457","Keuangan",4566,4754,14177,-28.8
"Startup_458","SDM",4577,4765,1421,-28.91
"Startup_459","Pemasaran",4588,4776,14243,-29.02
"Startup_460","CRM",4599,4787,14276,-29.13
"Startup_461","Proyek",461,4798,14309,-29.24
"Startup_462","Keuangan",4621,4809,14342,-29.35
"Startup_463","SDM",4632,482,14375,-29.46
"Startup_464","Pemasaran",4643,4831,14408,-29.57
"Startup_465","CRM",4654,4842,14441,-29.68
"Startup_466","Proyek",4665,4853,14474,-29.79
"Startup_467","Keuangan",4676,4864,14507,-29.9
"Startup_468","SDM",4687,4875,1454,-30.01
"Startup_469","Pemasaran",4698,4886,14573,-30.12
"Startup_470","CRM",4709,4897,14606,-30.23
"Startup_471","Proyek",472,4908,14639,-30.34
"Startup_472","Keuangan",4731,4919,14672,-30.45
"Startup_473","SDM",4742,493,14705,-30.56
"Startup_474","Pemasaran",4753,4941,14738,-30.67
"Startup_475","CRM",4764,4952,14771,-30.78
"Startup_476","Proyek",4775,4963,14804,-30.89
"Startup_477","Keuangan",4786,4974,14837,-31
"Startup_478","SDM",4797,4985,1487,-31.11
"Startup_479","Pemasaran",4808,4996,14903,-31.22
"Startup_480","CRM",4819,5007,14936,-31.33
"Startup_481","Proyek",483,5018,14969,-31.44
"Startup_482","Keuangan",4841,5029,15002,-31.55
"Startup_483","SDM",4852,504,15035,-31.66
"Startup_484","Pemasaran",4863,5051,15068,-31.77
"Startup_485","CRM",4874,5062,15101,-31.88
"Startup_486","Proyek",4885,5073,15134,-31.99
"Startup_487","Keuangan",4896,5084,15167,-32.1
"Startup_488","SDM",4907,5095,1520,-32.21
"Startup_489","Pemasaran",4918,5106,15233,-32.32
"Startup_490","CRM",4929,5117,15266,-32.43
"Startup_491","Proyek",494,5128,15299,-32.54
"Startup_492","Keuangan",4951,5139,15332,-32.65
"Startup_493","SDM",4962,515,15365,-32.76
"Startup_494","Pemasaran",4973,5161,15398,-32.87
"Startup_495","CRM",4984,5172,15431,-32.98
"Startup_496","Proyek",4995,5183,15464,-33.09
"Startup_497","Keuangan",5006,5194,15497,-33.2
"Startup_498","SDM",5017,5205,1553,-33.31
"Startup_499","Pemasaran",5028,5216,15563,-33.42
"Startup_500","CRM",5039,5227,15596,-33.53
"Startup_501","Proyek",505,5238,15629,-33.64
"Startup_502","Keuangan",5061,5249,15662,-33.75
"Startup_503","SDM",5072,526,15695,-33.86
"Startup_504","Pemasaran",5083,5271,15728,-33.97
"Startup_505","CRM",5094,5282,15761,-34.08
"Startup_506","Proyek",5105,5293,15794,-34.19
"Startup_507","Keuangan",5116,5304,15827,-34.3
"Startup_508","SDM",5127,5315,1586,-34.41
"Startup_509","Pemasaran",5138,5326,15893,-34.52
"Startup_510","CRM",5149,5337,15926,-34.63
"Startup_511","Proyek",516,5348,15959,-34.74
"Startup_512","Keuangan",5171,5359,15992,-34.85
"Startup_513","SDM",5182,537,16025,-34.96
"Startup_514","Pemasaran",5193,5381,16058,-35.07
"Startup_515","CRM",5204,5392,16091,-35.18
"Startup_516","Proyek",5215,5403,16124,-35.29
"Startup_517","Keuangan",5226,5414,16157,-35.4
"Startup_518","SDM",5237,5425,1619,-35.51
"Startup_519","Pemasaran",5248,5436,16223,-35.62
"Startup_520","CRM",5259,5447,16256,-35.73
"Startup_521","Proyek",527,5458,16289,-35.84
"Startup_522","Keuangan",5281,5469,16322,-35.95
"Startup_523","SDM",5292,548,16355,-36.06
"Startup_524","Pemasaran",5303,5491,16388,-36.17
"Startup_525","CRM",5314,5502,16421,-36.28
"Startup_526","Proyek",5325,5513,16454,-36.39
"Startup_527","Keuangan",5336,5524,16487,-36.5
"Startup_528","SDM",5347,5535,1652,-36.61
"Startup_529","Pemasaran",5358,5546,16553,-36.72
"Startup_530","CRM",5369,5557,16586,-36.83
"Startup_531","Proyek",538,5568,16619,-36.94
"Startup_532","Keuangan",5391,5579,16652,-37.05
"Startup_533","SDM",5402,559,16685,-37.16
"Startup_534","Pemasaran",5413,5601,16718,-37.27
"Startup_535","CRM",5424,5612,16751,-37.38
"Startup_536","Proyek",5435,5623,16784,-37.49
"Startup_537","Keuangan",5446,5634,16817,-37.6
"Startup_538","SDM",5457,5645,1685,-37.71
"Startup_539","Pemasaran",5468,5656,16883,-37.82
"Startup_540","CRM",5479,5667,16916,-37.93
"Startup_541","Proyek",549,5678,16949,-38.04
"Startup_542","Keuangan",5501,5689,16982,-38.15
"Startup_543","SDM",5512,570,17015,-38.26
"Startup_544","Pemasaran",5523,5711,17048,-38.37
"Startup_545","CRM",5534,5722,17081,-38.48
"Startup_546","Proyek",5545,5733,17114,-38.59
"Startup_547","Keuangan",5556,5744,17147,-38.7
"Startup_548","SDM",5567,5755,1718,-38.81
"Startup_549","Pemasaran",5578,5766,17213,-38.92
"Startup_550","CRM",5589,5777,17246,-39.03
"Startup_551","Proyek",560,5788,17279,-39.14
"Startup_552","Keuangan",5611,5799,17312,-39.25
"Startup_553","SDM",5622,581,17345,-39.36
"Startup_554","Pemasaran",5633,5821,17378,-39.47
"Startup_555","CRM",5644,5832,17411,-39.58
"Startup_556","Proyek",5655,5843,17444,-39.69
"Startup_557","Keuangan",5666,5854,17477,-39.8
"Startup_558","SDM",5677,5865,1751,-39.91
"Startup_559","Pemasaran",5688,5876,17543,-40.02
"Startup_560","CRM",5699,5887,17576,-40.13
"Startup_561","Proyek",571,5898,17609,-40.24
"Startup_562","Keuangan",5721,5909,17642,-40.35
"Startup_563","SDM",5732,592,17675,-40.46
"Startup_564","Pemasaran",5743,5931,17708,-40.57
"Startup_565","CRM",5754,5942,17741,-40.68
"Startup_566","Proyek",5765,5953,17774,-40.79
"Startup_567","Keuangan",5776,5964,17807,-40.9
"Startup_568","SDM",5787,5975,1784,-41.01
"Startup_569","Pemasaran",5798,5986,17873,-41.12
"Startup_570","CRM",5809,5997,17906,-41.23
"Startup_571","Proyek",582,6008,17939,-41.34
"Startup_572","Keuangan",5831,6019,17972,-41.45
"Startup_573","SDM",5842,603,18005,-41.56
"Startup_574","Pemasaran",5853,6041,18038,-41.67
"Startup_575","CRM",5864,6052,18071,-41.78
"Startup_576","Proyek",5875,6063,18104,-41.89
"Startup_577","Keuangan",5886,6074,18137,-42
"Startup_578","SDM",5897,6085,1817,-42.11
"Startup_579","Pemasaran",5908,6096,18203,-42.22
"Startup_580","CRM",5919,6107,18236,-42.33
"Startup_581","Proyek",593,6118,18269,-42.44
"Startup_582","Keuangan",5941,6129,18302,-42.55
"Startup_583","SDM",5952,614,18335,-42.66
"Startup_584","Pemasaran",5963,6151,18368,-42.77
"Startup_585","CRM",5974,6162,18401,-42.88
"Startup_586","Proyek",5985,6173,18434,-42.99
"Startup_587","Keuangan",5996,6184,18467,-43.1
"Startup_588","SDM",6007,6195,1850,-43.21
"Startup_589","Pemasaran",6018,6206,18533,-43.32
"Startup_590","CRM",6029,6217,18566,-43.43
"Startup_591","Proyek",604,6228,18599,-43.54
"Startup_592","Keuangan",6051,6239,18632,-43.65
"Startup_593","SDM",6062,625,18665,-43.76
"Startup_594","Pemasaran",6073,6261,18698,-43.87
"Startup_595","CRM",6084,6272,18731,-43.98
"Startup_596","Proyek",6095,6283,18764,-44.09
"Startup_597","Keuangan",6106,6294,18797,-44.2
"Startup_598","SDM",6117,6305,1883,-44.31
"Startup_599","Pemasaran",6128,6316,18863,-44.42
"Startup_600","CRM",6139,6327,18896,-44.53
"Startup_601","Proyek",615,6338,18929,-44.64
"Startup_602","Keuangan",6161,6349,18962,-44.75
"Startup_603","SDM",6172,636,18995,-44.86
"Startup_604","Pemasaran",6183,6371,19028,-44.97
"Startup_605","CRM",6194,6382,19061,-45.08
"Startup_606","Proyek",6205,6393,19094,-45.19
"Startup_607","Keuangan",6216,6404,19127,-45.3
"Startup_608","SDM",6227,6415,1916,-45.41
"Startup_609","Pemasaran",6238,6426,19193,-45.52
"Startup_610","CRM",6249,6437,19226,-45.63
"Startup_611","Proyek",626,6448,19259,-45.74
"Startup_612","Keuangan",6271,6459,19292,-45.85
"Startup_613","SDM",6282,647,19325,-45.96
"Startup_614","Pemasaran",6293,6481,19358,-46.07
"Startup_615","CRM",6304,6492,19391,-46.18
"Startup_616","Proyek",6315,6503,19424,-46.29
"Startup_617","Keuangan",6326,6514,19457,-46.4
"Startup_618","SDM",6337,6525,1949,-46.51
"Startup_619","Pemasaran",6348,6536,19523,-46.62
"Startup_620","CRM",6359,6547,19556,-46.73
"Startup_621","Proyek",637,6558,19589,-46.84
"Startup_622","Keuangan",6381,6569,19622,-46.95
"Startup_623","SDM",6392,658,19655,-47.06
"Startup_624","Pemasaran",6403,6591,19688,-47.17
"Startup_625","CRM",6414,6602,19721,-47.28
"Startup_626","Proyek",6425,6613,19754,-47.39
"Startup_627","Keuangan",6436,6624,19787,-47.5
"Startup_628","SDM",6447,6635,1982,-47.61
"Startup_629","Pemasaran",6458,6646,19853,-47.72
"Startup_630","CRM",6469,6657,19886,-47.83
"Startup_631","Proyek",648,6668,19919,-47.94
"Startup_632","Keuangan",6491,6679,19952,-48.05
"Startup_633","SDM",6502,669,19985,-48.16
"Startup_634","Pemasaran",6513,6701,20018,-48.27
"Startup_635","CRM",6524,6712,20051,-48.38
"Startup_636","Proyek",6535,6723,20084,-48.49
"Startup_637","Keuangan",6546,6734,20117,-48.6
"Startup_638","SDM",6557,6745,2015,-48.71
"Startup_639","Pemasaran",6568,6756,20183,-48.82
"Startup_640","CRM",6579,6767,20216,-48.93
"Startup_641","Proyek",659,6778,20249,-49.04
"Startup_642","Keuangan",6601,6789,20282,-49.15
"Startup_643","SDM",6612,680,20315,-49.26
"Startup_644","Pemasaran",6623,6811,20348,-49.37
"Startup_645","CRM",6634,6822,20381,-49.48
"Startup_646","Proyek",6645,6833,20414,-49.59
"Startup_647","Keuangan",6656,6844,20447,-49.7
"Startup_648","SDM",6667,6855,2048,-49.81
"Startup_649","Pemasaran",6678,6866,20513,-49.92
"Startup_650","CRM",6689,6877,20546,-50.03
"#NAME?",NA,NA,NA,NA,NA
